song_id,valence_std,arousal_std,n_raters
2,0.9944289260117531,0.6666666666666666,10
3,1.8408935028645435,1.7029386365926402,10
4,1.4944341180973262,1.7159383568311668,10
5,2.1186998109427604,1.946506842754191,10
7,1.5491933384829668,1.776388345929897,10
8,1.4757295747452437,1.6193277068654826,10
10,1.7638342073763937,1.946506842754191,10
12,2.0138409955990952,1.9888578520235063,10
13,1.4757295747452437,1.7638342073763937,10
17,1.8973665961010275,2.160246899469287,10
18,1.8135294011647258,1.449137674618944,10
19,1.728840330651992,2.0027758514399734,10
20,2.6331223544175333,2.223610677354389,10
21,0.9660917830792959,1.4944341180973262,10
22,1.4142135623730951,1.5491933384829668,10
24,1.7029386365926402,1.8529256146249728,10
25,0.7378647873726218,2.6687491868330793,10
31,1.636391694484477,1.6193277068654826,10
32,1.8737959096740262,1.5670212364724212,10
35,2.250925735484551,2.223610677354389,10
37,2.2211108331943574,2.110818693198342,10
39,1.946506842754191,2.503331114069145,10
40,1.3498971154211057,1.6193277068654826,10
41,1.7029386365926402,1.3703203194062976,10
42,1.66332999331662,2.024845673131659,10
43,2.4517567397911058,1.5811388300841898,10
44,1.1005049346146119,1.66332999331662,10
45,2.5582111805799856,1.449137674618944,10
46,2.0575065816014617,1.8257418583505538,10
47,1.837873166945363,1.6465452046971292,10
48,1.9578900207451218,1.8737959096740262,10
49,1.3703203194062976,1.2516655570345725,10
50,1.0749676997731399,1.1352924243950935,10
51,1.1737877907772674,1.0327955589886446,10
52,1.1737877907772674,1.9119507199599983,10
53,2.496664441476534,1.7919573407620817,10
54,1.66332999331662,1.7029386365926402,10
55,1.398411797560202,1.1737877907772674,10
56,1.505545305418162,1.4757295747452437,10
58,1.636391694484477,1.6465452046971292,10
59,1.8287822299126937,2.024845673131659,10
60,1.5670212364724212,0.5163977794943223,10
62,0.9189365834726815,1.286683937707919,10
64,1.3498971154211057,1.66332999331662,10
65,1.505545305418162,1.9321835661585918,10
67,0.7888106377466154,1.4757295747452437,10
68,1.398411797560202,1.728840330651992,10
69,0.9189365834726815,0.8755950357709131,10
70,1.776388345929897,1.505545305418162,10
71,1.5951314818673865,0.8232726023485646,10
72,1.8287822299126937,2.1186998109427604,10
73,1.8135294011647258,1.837873166945363,10
74,1.7638342073763937,1.4944341180973262,10
76,1.4944341180973262,1.9321835661585918,10
77,2.1499353995462798,1.1972189997378648,10
78,1.6465452046971292,2.024845673131659,10
79,2.223610677354389,1.4337208778404378,10
80,1.4142135623730951,1.449137674618944,10
81,2.024845673131659,1.7919573407620817,10
82,1.5238839267549948,1.7159383568311668,10
83,1.1005049346146119,1.8135294011647258,10
84,2.1317702607092643,1.837873166945363,10
85,1.1972189997378648,1.6865480854231356,10
86,1.7126976771553506,1.2649110640673518,10
87,2.5841396591085743,0.9660917830792959,10
88,1.8287822299126937,1.35400640077266,10
89,2.41522945769824,2.1499353995462798,10
90,1.8287822299126937,1.8135294011647258,10
91,1.509230856356236,1.2692955176439846,10
92,2.2997584414213788,1.888562063228706,10
93,0.7888106377466154,1.8257418583505538,10
95,1.946506842754191,2.3190036174568114,10
96,1.398411797560202,1.3703203194062976,10
98,1.8287822299126937,1.4944341180973262,10
99,1.946506842754191,2.0789954839350235,10
101,1.7126976771553506,0.9189365834726815,10
102,0.97182531580755,1.6465452046971292,10
103,2.0110804171997807,1.888562063228706,10
104,1.9119507199599983,1.888562063228706,10
105,1.509230856356236,1.4907119849998598,10
106,1.5776212754932308,1.2516655570345725,10
107,2.1081851067789197,2.250925735484551,10
108,1.7159383568311668,2.043961295567452,10
109,2.3664319132398464,1.5811388300841898,10
110,1.8973665961010275,0.9189365834726815,10
111,1.3374935098492586,1.4944341180973262,10
112,1.0327955589886446,1.6465452046971292,10
113,1.3498971154211057,0.9189365834726815,10
114,0.7888106377466154,0.9486832980505138,10
115,0.699205898780101,1.2292725943057183,10
116,1.6465452046971292,1.286683937707919,10
117,1.5238839267549948,1.8257418583505538,10
118,2.024845673131659,1.9550504398153574,10
119,2.406010991015812,1.3165611772087666,10
120,1.6865480854231356,1.699673171197595,10
121,0.8755950357709131,1.5951314818673865,10
122,2.0138409955990952,1.9550504398153574,10
123,1.66332999331662,1.5491933384829668,10
124,1.3374935098492586,0.7888106377466154,10
125,1.9578900207451218,1.398411797560202,10
126,1.728840330651992,1.449137674618944,10
127,1.9436506316151,1.766981104093143,10
128,1.505545305418162,1.632993161855452,10
129,1.8135294011647258,1.7638342073763937,10
130,1.4944341180973262,1.398411797560202,10
131,1.1005049346146119,1.728840330651992,10
133,2.0976176963403033,1.2292725943057183,10
134,1.837873166945363,1.247219128924647,10
135,2.359378449224852,1.509230856356236,10
136,1.398411797560202,1.1352924243950935,10
137,1.766981104093143,1.398411797560202,10
138,2.780887148615228,0.9660917830792959,10
140,1.5491933384829668,2.1213203435596424,10
142,1.8973665961010275,1.8135294011647258,10
143,1.8257418583505538,1.5238839267549948,10
144,1.1737877907772674,0.9486832980505138,10
145,2.024845673131659,2.0110804171997807,10
146,1.8973665961010275,2.0138409955990952,10
148,1.2516655570345725,2.160246899469287,10
149,1.9550504398153574,2.024845673131659,10
150,2.581988897471611,2.3190036174568114,10
151,2.0548046676563256,1.35400640077266,10
152,1.7126976771553506,1.505545305418162,10
153,2.024845673131659,1.7795130420052185,10
154,1.7511900715418263,1.9692073983655907,10
155,2.0655911179772892,0.9660917830792959,10
156,1.2649110640673518,0.48304589153964794,10
157,1.7638342073763937,1.1352924243950935,10
158,0.7378647873726218,1.505545305418162,10
159,2.6997942308422114,1.9119507199599983,10
160,2.223610677354389,1.6499158227686108,10
161,1.2516655570345725,2.0138409955990952,10
162,1.766981104093143,1.0749676997731399,10
163,1.3498971154211057,1.4337208778404378,10
164,1.7919573407620817,2.0789954839350235,10
166,1.5238839267549948,1.1352924243950935,10
167,1.4181364924121764,1.7029386365926402,10
168,1.4181364924121764,1.6465452046971292,10
169,0.8432740427115678,1.1352924243950935,10
170,1.632993161855452,1.563471919941143,10
171,0.7378647873726218,1.837873166945363,10
172,2.3475755815545347,2.3570226039551585,10
173,1.776388345929897,1.2292725943057183,10
174,1.699673171197595,1.4757295747452437,10
175,1.4181364924121764,1.636391694484477,10
176,1.7126976771553506,1.66332999331662,10
177,1.4757295747452437,1.837873166945363,10
178,2.2010098692292237,2.2135943621178655,10
179,2.1499353995462798,2.0548046676563256,10
180,1.9888578520235063,1.449137674618944,10
181,2.2135943621178655,0.97182531580755,10
182,0.9189365834726815,2.1628170930011112,10
184,1.9550504398153574,1.1737877907772674,10
185,2.024845673131659,1.429840705968481,10
186,1.766981104093143,1.699673171197595,10
187,1.9578900207451218,2.0575065816014617,10
188,1.632993161855452,1.636391694484477,10
189,1.7159383568311668,1.66332999331662,10
190,1.9321835661585918,1.3703203194062976,10
191,2.1317702607092643,2.0027758514399734,10
192,0.6324555320336759,0.5676462121975467,10
193,1.9119507199599983,1.4142135623730951,10
194,1.888562063228706,1.3374935098492586,10
195,2.043961295567452,0.8232726023485646,10
196,1.766981104093143,1.7159383568311668,10
197,1.4757295747452437,1.398411797560202,10
198,0.7378647873726218,1.888562063228706,10
199,1.5670212364724212,1.3374935098492586,10
201,1.5670212364724212,1.6193277068654826,10
202,1.429840705968481,1.4757295747452437,10
203,2.0682789409984763,1.7511900715418263,10
204,2.1186998109427604,1.0327955589886446,10
205,1.4907119849998598,2.1213203435596424,10
206,0.8232726023485646,1.0749676997731399,10
207,2.2010098692292237,2.573367875415838,10
208,2.1499353995462798,1.0801234497346435,10
209,0.9944289260117531,1.9550504398153574,10
210,2.250925735484551,2.273030282830976,10
211,1.286683937707919,0.8755950357709131,10
212,1.6465452046971292,1.8973665961010275,10
213,1.5776212754932308,1.7159383568311668,10
214,2.0655911179772892,1.66332999331662,10
215,2.2010098692292237,1.2649110640673518,10
216,1.6499158227686108,1.1595018087284057,10
217,1.6499158227686108,1.6865480854231356,10
218,1.449137674618944,1.563471919941143,10
219,0.8432740427115678,1.5491933384829668,10
220,1.5951314818673865,1.0749676997731399,10
221,1.636391694484477,1.8973665961010275,10
222,1.398411797560202,2.496664441476534,10
223,1.1352924243950935,2.273030282830976,10
224,1.5811388300841898,1.888562063228706,10
225,1.946506842754191,1.6865480854231356,10
226,1.7919573407620817,1.632993161855452,10
227,1.1972189997378648,1.5811388300841898,10
228,1.7159383568311668,1.3333333333333333,10
229,1.6865480854231356,1.5491933384829668,10
231,1.5238839267549948,1.776388345929897,10
232,1.8408935028645435,1.0593499054713802,10
233,1.5670212364724212,1.9002923751652299,10
234,2.5055493963954847,1.5238839267549948,10
235,1.1547005383792515,1.4181364924121764,10
236,1.5811388300841898,1.2649110640673518,10
237,2.2010098692292237,1.3703203194062976,10
238,2.0548046676563256,1.8973665961010275,10
239,2.0027758514399734,1.636391694484477,10
240,1.429840705968481,1.0749676997731399,10
241,2.2335820757001272,1.429840705968481,10
242,1.8408935028645435,1.636391694484477,10
243,1.4757295747452437,2.282785822435191,10
244,1.4181364924121764,1.7511900715418263,10
245,2.0976176963403033,1.66332999331662,10
246,2.8067379246694513,2.1499353995462798,10
247,1.286683937707919,1.35400640077266,10
248,1.6465452046971292,1.0593499054713802,10
250,2.1705094128132942,1.429840705968481,10
253,1.6465452046971292,0.8498365855987975,10
254,2.406010991015812,1.1737877907772674,10
257,1.5776212754932308,1.7919573407620817,10
258,1.4181364924121764,1.4181364924121764,10
260,1.4944341180973262,1.7126976771553506,10
262,1.5776212754932308,0.9944289260117531,10
264,1.3374935098492586,1.5811388300841898,10
265,1.7795130420052185,0.699205898780101,10
266,1.5776212754932308,2.043961295567452,10
269,1.8287822299126937,2.043961295567452,10
270,1.728840330651992,1.728840330651992,10
272,1.9119507199599983,1.9550504398153574,10
273,1.837873166945363,0.9189365834726815,10
274,0.9486832980505138,2.1081851067789197,10
275,1.4944341180973262,1.0801234497346435,10
276,1.5951314818673865,1.766981104093143,10
278,2.173067468400883,1.728840330651992,10
279,1.2649110640673518,1.4944341180973262,10
280,1.7511900715418263,1.1595018087284057,10
281,2.4129281427805145,1.247219128924647,10
282,1.7511900715418263,0.7888106377466154,10
284,1.5776212754932308,1.2292725943057183,10
285,1.0801234497346435,1.449137674618944,10
286,2.0575065816014617,1.9692073983655907,10
288,1.9578900207451218,1.8737959096740262,10
289,2.0027758514399734,1.0593499054713802,10
290,0.8755950357709131,1.66332999331662,10
292,1.0593499054713802,0.9660917830792959,10
293,1.7029386365926402,2.043961295567452,10
294,2.223610677354389,2.0138409955990952,10
296,0.9944289260117531,1.3374935098492586,10
297,1.3703203194062976,1.429840705968481,10
298,1.8257418583505538,1.776388345929897,10
299,1.9888578520235063,1.3374935098492586,10
300,1.1352924243950935,1.9578900207451218,10
301,1.5491933384829668,1.8287822299126937,10
302,2.3190036174568114,1.563471919941143,10
303,1.1547005383792515,1.837873166945363,10
304,1.8737959096740262,1.776388345929897,10
305,1.1737877907772674,1.0327955589886446,10
306,2.3118054512532935,1.8287822299126937,10
307,1.1005049346146119,1.4757295747452437,10
308,1.766981104093143,0.9660917830792959,10
309,1.766981104093143,1.8737959096740262,10
310,0.8755950357709131,1.0593499054713802,10
311,1.6865480854231356,0.9944289260117531,10
312,1.3498971154211057,1.6865480854231356,10
313,1.429840705968481,1.3374935098492586,10
314,1.2292725943057183,1.286683937707919,10
315,1.505545305418162,0.8498365855987975,10
316,1.398411797560202,2.0682789409984763,10
317,1.7919573407620817,1.4181364924121764,10
318,1.7919573407620817,1.5238839267549948,10
319,2.0682789409984763,0.8432740427115678,10
320,1.3498971154211057,1.505545305418162,10
321,0.8232726023485646,1.8257418583505538,10
322,1.286683937707919,1.0749676997731399,10
323,1.4709304414677002,1.5550504230351563,11
324,1.766981104093143,1.4944341180973262,10
325,1.8408935028645435,2.1705094128132942,10
326,1.6465452046971292,1.3165611772087666,10
327,1.4142135623730951,1.3703203194062976,10
328,1.6865480854231356,2.2010098692292237,10
329,2.406010991015812,2.3475755815545347,10
330,2.4244128727957577,1.9692073983655907,10
332,1.1785113019775793,0.8755950357709131,10
333,1.636391694484477,1.7919573407620817,10
334,1.728840330651992,2.024845673131659,10
335,1.5491933384829668,1.398411797560202,10
336,1.5951314818673865,1.5776212754932308,10
338,0.816496580927726,1.5491933384829668,10
339,1.66332999331662,1.1972189997378648,10
340,2.485513584307633,2.0110804171997807,10
341,1.8737959096740262,1.776388345929897,10
342,2.160246899469287,2.2335820757001272,10
343,1.8257418583505538,0.8755950357709131,10
344,1.837873166945363,1.6865480854231356,10
345,1.6193277068654826,1.9578900207451218,10
346,1.0593499054713802,1.636391694484477,10
347,0.9816498172140428,0.9816498172140428,11
348,1.632993161855452,1.8287822299126937,10
349,1.776388345929897,1.9888578520235063,10
350,2.0,1.9002923751652299,10
352,1.4337208778404378,1.509230856356236,10
353,2.0548046676563256,2.1499353995462798,10
354,0.9944289260117531,1.3498971154211057,10
355,1.9119507199599983,1.2692955176439846,10
356,1.9550504398153574,1.429840705968481,10
357,1.4757295747452437,1.2692955176439846,10
358,1.505545305418162,1.6865480854231356,10
359,1.1785113019775793,1.7029386365926402,10
360,1.4337208778404378,1.6499158227686108,10
361,1.3684762594679065,1.689540012709215,11
362,1.7638342073763937,0.8755950357709131,10
364,1.509230856356236,1.1785113019775793,10
365,1.632993161855452,0.8755950357709131,10
366,0.9944289260117531,1.3703203194062976,10
367,1.66332999331662,0.6749485577105528,10
368,1.9321835661585918,1.66332999331662,10
369,0.7378647873726218,0.8432740427115678,10
370,1.9888578520235063,1.8973665961010275,10
371,1.6865480854231356,1.0749676997731399,10
372,1.2649110640673518,1.8135294011647258,10
374,1.0540925533894598,1.1972189997378648,10
375,0.7378647873726218,1.7511900715418263,10
376,1.563471919941143,1.1972189997378648,10
378,1.9002923751652299,1.728840330651992,10
379,0.9944289260117531,1.1972189997378648,10
380,1.3498971154211057,2.1499353995462798,10
381,1.7638342073763937,1.1595018087284057,10
383,2.2010098692292237,1.6465452046971292,10
384,1.429840705968481,1.66332999331662,10
386,1.1547005383792515,1.8408935028645435,10
387,2.3944379994757297,2.6583202716502514,10
390,1.0593499054713802,0.6324555320336759,10
391,1.6499158227686108,0.9944289260117531,10
392,1.776388345929897,1.5491933384829668,10
393,0.816496580927726,0.699205898780101,10
395,1.3374935098492586,1.4757295747452437,10
397,1.3333333333333333,1.4142135623730951,10
399,0.9486832980505138,1.0540925533894598,10
400,1.7919573407620817,1.1737877907772674,10
401,1.509230856356236,1.2649110640673518,10
402,1.1005049346146119,0.9944289260117531,10
403,1.728840330651992,1.7511900715418263,10
404,1.449137674618944,1.398411797560202,10
405,2.024845673131659,0.9660917830792959,10
406,2.2135943621178655,2.3118054512532935,10
407,1.766981104093143,1.7159383568311668,10
408,2.503331114069145,2.1317702607092643,10
410,2.0976176963403033,1.7919573407620817,10
415,1.1547005383792515,1.9321835661585918,10
416,1.8408935028645435,1.6865480854231356,10
419,2.110818693198342,1.4907119849998598,10
420,1.35400640077266,1.3498971154211057,10
422,1.8135294011647258,2.5841396591085743,10
423,2.616188916046478,2.41522945769824,10
425,0.7378647873726218,0.9189365834726815,10
426,1.766981104093143,1.4944341180973262,10
427,1.5491933384829668,0.7888106377466154,10
428,1.0749676997731399,0.9660917830792959,10
429,1.1595018087284057,2.0027758514399734,10
430,2.3570226039551585,1.1005049346146119,10
431,1.8529256146249728,2.0138409955990952,10
432,2.110818693198342,1.766981104093143,10
435,1.8408935028645435,1.5951314818673865,10
436,2.110818693198342,1.9321835661585918,10
437,1.9321835661585918,2.2135943621178655,10
440,2.263232692902394,1.8287822299126937,10
441,1.776388345929897,1.5951314818673865,10
442,1.9692073983655907,1.6499158227686108,10
444,1.1595018087284057,1.2692955176439846,10
445,1.0749676997731399,1.7126976771553506,10
448,2.0575065816014617,2.0682789409984763,10
449,2.1705094128132942,1.9321835661585918,10
450,2.1317702607092643,1.8257418583505538,10
451,1.3703203194062976,1.8973665961010275,10
452,1.5719582155957414,1.4823523268955432,20
453,1.8973665961010275,1.2649110640673518,10
454,2.581988897471611,1.5491933384829668,10
455,1.837873166945363,1.2516655570345725,10
456,2.8460498941515415,1.3374935098492586,10
458,1.776388345929897,1.8856180831641267,10
459,0.8232726023485646,1.286683937707919,10
460,2.2010098692292237,1.8135294011647258,10
461,1.4757295747452437,1.6465452046971292,10
462,1.7511900715418263,2.1705094128132942,10
463,2.160246899469287,1.766981104093143,10
464,1.286683937707919,1.5776212754932308,10
466,1.6465452046971292,1.286683937707919,10
467,2.3118054512532935,1.2292725943057183,10
468,1.7126976771553506,2.270584848790187,10
469,1.66332999331662,0.9486832980505138,10
472,2.223610677354389,1.6193277068654826,10
473,1.286683937707919,2.3213980461973533,10
475,2.1186998109427604,2.1081851067789197,10
477,1.5951314818673865,1.2292725943057183,10
478,1.2292725943057183,1.1352924243950935,10
479,1.9002923751652299,0.9486832980505138,10
480,1.7029386365926402,1.1972189997378648,10
481,1.6465452046971292,2.0575065816014617,10
482,0.7378647873726218,2.3213980461973533,10
484,1.3498971154211057,1.35400640077266,10
485,0.9660917830792959,1.4944341180973262,10
486,1.9321835661585918,1.7029386365926402,10
487,1.6499158227686108,1.2516655570345725,10
488,0.8432740427115678,1.3498971154211057,10
489,1.837873166945363,1.8737959096740262,10
490,1.5951314818673865,1.766981104093143,10
492,2.0110804171997807,1.8135294011647258,10
493,1.636391694484477,1.1972189997378648,10
494,1.7029386365926402,1.7919573407620817,10
496,2.263232692902394,1.9119507199599983,10
497,1.6193277068654826,2.359378449224852,10
498,1.9692073983655907,1.5491933384829668,10
499,1.6465452046971292,1.6465452046971292,10
500,1.8856180831641267,1.7511900715418263,10
501,1.1785113019775793,0.9660917830792959,10
502,1.8737959096740262,1.7126976771553506,10
503,1.7511900715418263,1.0749676997731399,10
504,0.9189365834726815,0.816496580927726,10
506,0.9944289260117531,1.449137674618944,10
507,1.1972189997378648,1.2292725943057183,10
512,1.7919573407620817,2.0110804171997807,10
513,1.728840330651992,1.5491933384829668,10
514,1.946506842754191,1.9888578520235063,10
515,1.4757295747452437,1.2649110640673518,10
518,1.7919573407620817,1.1737877907772674,10
519,1.9321835661585918,1.888562063228706,10
520,1.632993161855452,1.4337208778404378,10
521,1.6193277068654826,2.1705094128132942,10
522,2.223610677354389,0.9486832980505138,10
523,1.7919573407620817,1.9692073983655907,10
524,1.3374935098492586,1.1547005383792515,10
525,1.636391694484477,2.0976176963403033,10
527,1.7638342073763937,2.0575065816014617,10
529,1.636391694484477,1.2292725943057183,10
530,1.4944341180973262,1.6499158227686108,10
535,2.1317702607092643,1.7795130420052185,10
536,1.449137674618944,0.8498365855987975,10
537,2.581988897471611,1.8973665961010275,10
540,1.9692073983655907,1.5776212754932308,10
544,2.250925735484551,1.8408935028645435,10
547,1.9550504398153574,2.2010098692292237,10
550,1.8737959096740262,1.9692073983655907,10
551,1.5491933384829668,1.4907119849998598,10
554,2.3944379994757297,2.494438257849294,10
555,1.6865480854231356,1.7511900715418263,10
556,2.1705094128132942,1.728840330651992,10
558,1.9321835661585918,1.7511900715418263,10
560,1.286683937707919,1.7126976771553506,10
561,0.7378647873726218,0.9428090415820634,10
564,1.766981104093143,1.728840330651992,10
565,1.5951314818673865,1.0540925533894598,10
568,1.5776212754932308,1.449137674618944,10
574,2.173067468400883,2.043961295567452,10
577,1.6465452046971292,1.35400640077266,10
579,2.024845673131659,1.398411797560202,10
580,1.0749676997731399,1.3498971154211057,10
581,1.2516655570345725,1.0540925533894598,10
582,1.449137674618944,1.728840330651992,10
584,1.1785113019775793,0.8432740427115678,10
585,1.4907119849998598,1.7511900715418263,10
586,1.4757295747452437,0.7378647873726218,10
591,1.766981104093143,2.2010098692292237,10
592,1.1281521496355325,2.2115399817568506,11
594,1.9321835661585918,1.5951314818673865,10
597,1.8737959096740262,0.8432740427115678,10
598,1.699673171197595,1.0749676997731399,10
600,1.9002923751652299,2.2110831935702664,10
605,1.837873166945363,1.632993161855452,10
606,1.8529256146249728,1.5776212754932308,10
607,1.837873166945363,1.3703203194062976,10
608,1.728840330651992,1.9888578520235063,10
609,1.866604008973459,1.7312909694943341,20
610,1.4181364924121764,1.8408935028645435,10
611,1.66332999331662,1.8135294011647258,10
612,1.2649110640673518,0.5163977794943223,10
613,2.2997584414213788,1.4757295747452437,10
614,1.5670212364724212,1.4181364924121764,10
615,1.8135294011647258,0.816496580927726,10
616,1.509230856356236,1.247219128924647,10
617,1.7795130420052185,1.4142135623730951,10
620,1.3165611772087666,1.6465452046971292,10
621,1.286683937707919,1.1737877907772674,10
622,2.223610677354389,1.8856180831641267,10
623,1.7511900715418263,1.66332999331662,10
625,1.5238839267549948,1.2649110640673518,10
628,2.183269719175042,1.7511900715418263,10
629,0.9660917830792959,0.8432740427115678,10
631,1.5776212754932308,2.4698178070456938,10
632,2.2010098692292237,1.8973665961010275,10
634,2.4517567397911058,1.6193277068654826,10
635,0.9660917830792959,1.0749676997731399,10
637,0.9189365834726815,2.0655911179772892,10
638,1.5491933384829668,1.7126976771553506,10
639,0.9944289260117531,1.1595018087284057,10
640,0.8432740427115678,0.7888106377466154,10
643,1.1785113019775793,1.8135294011647258,10
644,1.7029386365926402,2.0655911179772892,10
645,2.0110804171997807,1.766981104093143,10
646,1.3703203194062976,1.4757295747452437,10
647,1.0540925533894598,0.9189365834726815,10
648,2.183269719175042,1.6193277068654826,10
649,1.0327955589886446,0.6749485577105528,10
650,1.0540925533894598,1.7511900715418263,10
651,1.0749676997731399,0.7378647873726218,10
652,1.8135294011647258,1.7029386365926402,10
653,2.110818693198342,1.0801234497346435,10
654,1.9119507199599983,1.776388345929897,10
656,1.1737877907772674,1.5238839267549948,10
657,0.9944289260117531,0.8432740427115678,10
658,1.6465452046971292,1.3374935098492586,10
660,1.1972189997378648,1.4757295747452437,10
661,1.8135294011647258,1.7511900715418263,10
662,1.286683937707919,2.2335820757001272,10
663,1.888562063228706,1.5670212364724212,10
664,1.0540925533894598,1.505545305418162,10
665,1.8287822299126937,1.6865480854231356,10
666,1.4944341180973262,2.0,10
667,1.4757295747452437,1.286683937707919,10
668,1.632993161855452,1.7029386365926402,10
671,1.5951314818673865,1.636391694484477,10
672,2.4585451886114367,1.8287822299126937,10
673,1.3498971154211057,1.4181364924121764,10
674,1.398411797560202,1.429840705968481,10
675,1.5238839267549948,1.3165611772087666,10
676,2.503331114069145,2.503331114069145,10
677,2.0138409955990952,1.888562063228706,10
681,2.2335820757001272,1.837873166945363,10
682,1.398411797560202,0.816496580927726,10
684,1.7029386365926402,1.5238839267549948,10
685,2.1213203435596424,2.1186998109427604,10
686,1.6465452046971292,1.509230856356236,10
687,1.1595018087284057,0.9660917830792959,10
688,1.4944341180973262,1.699673171197595,10
689,1.7511900715418263,1.505545305418162,10
690,2.1186998109427604,2.1705094128132942,10
691,1.699673171197595,1.3374935098492586,10
692,1.449137674618944,1.7919573407620817,10
693,1.6865480854231356,2.0575065816014617,10
695,1.66332999331662,1.8135294011647258,10
696,2.359378449224852,2.3475755815545347,10
697,1.6193277068654826,1.1352924243950935,10
698,2.024845673131659,1.7029386365926402,10
699,1.888562063228706,1.5811388300841898,10
700,1.4757295747452437,1.429840705968481,10
702,1.509230856356236,2.0575065816014617,10
703,2.1317702607092643,1.699673171197595,10
704,1.1005049346146119,1.4757295747452437,10
706,0.8498365855987975,0.9428090415820634,10
707,2.6583202716502514,1.9119507199599983,10
708,2.2997584414213788,1.6865480854231356,10
709,1.5491933384829668,1.8856180831641267,10
710,1.429840705968481,1.3703203194062976,10
711,1.1972189997378648,1.1972189997378648,10
712,1.1737877907772674,1.4944341180973262,10
713,2.282785822435191,2.110818693198342,10
714,1.8973665961010275,1.8737959096740262,10
715,1.449137674618944,1.766981104093143,10
717,1.35400640077266,1.286683937707919,10
718,1.66332999331662,1.7159383568311668,10
719,1.1972189997378648,1.2292725943057183,10
721,1.888562063228706,1.0801234497346435,10
722,1.636391694484477,0.6666666666666666,10
723,1.8408935028645435,1.1352924243950935,10
724,1.0540925533894598,1.1005049346146119,10
725,1.7919573407620817,1.5238839267549948,10
726,2.260776661041756,1.837873166945363,10
727,1.766981104093143,1.9578900207451218,10
728,1.8529256146249728,1.2692955176439846,10
729,1.0749676997731399,1.6499158227686108,10
730,1.7029386365926402,1.0801234497346435,10
731,1.7029386365926402,1.8737959096740262,10
732,1.837873166945363,0.9486832980505138,10
733,1.4944341180973262,1.563471919941143,10
734,1.888562063228706,1.636391694484477,10
735,1.0593499054713802,0.9944289260117531,10
736,1.4944341180973262,0.9486832980505138,10
737,0.9944289260117531,1.286683937707919,10
738,1.509230856356236,1.398411797560202,10
739,1.6193277068654826,0.9944289260117531,10
740,1.888562063228706,1.4142135623730951,10
741,1.5776212754932308,1.5776212754932308,10
742,2.2335820757001272,1.7159383568311668,10
743,1.5238839267549948,2.0548046676563256,10
744,1.3703203194062976,1.1785113019775793,10
745,1.1352924243950935,0.699205898780101,10
746,1.8287822299126937,2.0110804171997807,10
747,1.429840705968481,1.286683937707919,10
748,2.024845673131659,1.6465452046971292,10
749,1.3165611772087666,1.449137674618944,10
750,2.110818693198342,2.0027758514399734,10
756,1.9692073983655907,0.7888106377466154,10
757,1.3333333333333333,1.449137674618944,10
758,1.9888578520235063,1.1005049346146119,10
759,0.9486832980505138,1.1972189997378648,10
763,1.509230856356236,1.4337208778404378,10
764,1.7029386365926402,0.97182531580755,10
767,1.3165611772087666,0.5270462766947299,10
769,1.7511900715418263,2.160246899469287,10
773,1.8408935028645435,2.110818693198342,10
775,1.636391694484477,1.5776212754932308,10
776,1.8408935028645435,2.3213980461973533,10
777,2.250925735484551,2.282785822435191,10
779,1.5491933384829668,1.4944341180973262,10
780,1.4757295747452437,1.6193277068654826,10
781,2.1317702607092643,2.2135943621178655,10
782,1.4757295747452437,2.5841396591085743,10
784,1.766981104093143,1.4181364924121764,10
787,1.9119507199599983,1.7029386365926402,10
789,2.378141197564929,2.043961295567452,10
790,1.3165611772087666,1.505545305418162,10
791,1.3374935098492586,1.776388345929897,10
794,1.0801234497346435,1.1352924243950935,10
795,1.0327955589886446,1.1785113019775793,10
796,2.3944379994757297,1.9692073983655907,10
797,2.2335820757001272,1.9550504398153574,10
798,1.509230856356236,1.8529256146249728,10
799,1.286683937707919,0.699205898780101,10
800,1.7159383568311668,1.9578900207451218,10
801,2.110818693198342,2.223610677354389,10
804,1.1005049346146119,0.6324555320336759,10
805,1.0327955589886446,1.4337208778404378,10
806,1.776388345929897,1.8973665961010275,10
807,1.6865480854231356,0.97182531580755,10
808,1.5951314818673865,1.946506842754191,10
810,1.6499158227686108,0.699205898780101,10
811,1.5238839267549948,1.449137674618944,10
813,1.2292725943057183,1.0593499054713802,10
814,1.449137674618944,1.7029386365926402,10
815,1.6499158227686108,0.9944289260117531,10
818,1.3703203194062976,1.4757295747452437,10
819,1.9436506316151,1.4944341180973262,10
820,1.505545305418162,1.429840705968481,10
823,1.6193277068654826,1.2292725943057183,10
824,1.4757295747452437,1.0540925533894598,10
825,2.330951164939612,1.2516655570345725,10
826,1.632993161855452,1.4181364924121764,10
829,1.0593499054713802,1.4337208778404378,10
830,1.5670212364724212,1.5238839267549948,10
831,1.2292725943057183,0.7888106377466154,10
833,1.632993161855452,1.2292725943057183,10
834,1.8287822299126937,1.888562063228706,10
836,1.1972189997378648,2.0027758514399734,10
839,1.4181364924121764,1.837873166945363,10
841,1.4757295747452437,1.2516655570345725,10
844,2.0976176963403033,1.2649110640673518,10
845,1.9692073983655907,1.8257418583505538,10
846,1.1547005383792515,1.1785113019775793,10
848,1.398411797560202,1.1595018087284057,10
850,2.0110804171997807,1.3703203194062976,10
851,0.816496580927726,1.0749676997731399,10
852,1.5811388300841898,2.1628170930011112,10
854,1.3703203194062976,1.5491933384829668,10
855,1.9692073983655907,1.4337208778404378,10
856,0.9486832980505138,0.8432740427115678,10
857,1.9692073983655907,2.0575065816014617,10
858,2.1186998109427604,2.3213980461973533,10
859,2.1186998109427604,2.1317702607092643,10
860,0.9660917830792959,1.3374935098492586,10
863,1.1737877907772674,1.0540925533894598,10
864,1.1595018087284057,1.1005049346146119,10
865,1.8737959096740262,1.5776212754932308,10
866,1.2292725943057183,1.66332999331662,10
867,1.9321835661585918,2.1213203435596424,10
869,1.776388345929897,2.024845673131659,10
871,1.429840705968481,1.9436506316151,10
872,1.7126976771553506,1.9002923751652299,10
873,1.0327955589886446,0.816496580927726,10
874,1.5670212364724212,2.0655911179772892,10
876,2.3118054512532935,1.766981104093143,10
879,1.0749676997731399,1.3333333333333333,10
880,2.2335820757001272,1.7511900715418263,10
882,1.766981104093143,1.5491933384829668,10
884,2.0682789409984763,1.563471919941143,10
886,0.9944289260117531,1.429840705968481,10
887,1.728840330651992,1.505545305418162,10
889,1.7919573407620817,1.6193277068654826,10
890,1.6465452046971292,1.766981104093143,10
891,1.505545305418162,1.0801234497346435,10
892,2.1317702607092643,1.1972189997378648,10
893,1.946506842754191,2.1628170930011112,10
897,1.449137674618944,1.4181364924121764,10
898,2.0110804171997807,2.0138409955990952,10
899,1.888562063228706,1.636391694484477,10
902,0.816496580927726,1.636391694484477,10
903,1.1972189997378648,1.2649110640673518,10
904,1.2516655570345725,1.8135294011647258,10
908,1.1785113019775793,1.728840330651992,10
909,2.0,2.3213980461973533,10
910,1.632993161855452,1.837873166945363,10
911,1.286683937707919,1.563471919941143,10
913,2.043961295567452,1.636391694484477,10
915,2.0,1.6193277068654826,10
921,1.1972189997378648,1.3703203194062976,10
924,1.8973665961010275,1.4757295747452437,10
925,1.5951314818673865,1.7029386365926402,10
926,1.699673171197595,1.0801234497346435,10
928,2.0548046676563256,1.8856180831641267,10
931,2.3118054512532935,1.8408935028645435,10
932,1.4337208778404378,1.8529256146249728,10
934,1.8737959096740262,1.7126976771553506,10
936,1.6465452046971292,1.766981104093143,10
938,0.8232726023485646,1.398411797560202,10
939,1.4757295747452437,1.1595018087284057,10
941,1.0327955589886446,1.7919573407620817,10
942,1.6865480854231356,2.0789954839350235,10
944,0.9944289260117531,1.2692955176439846,10
945,1.4181364924121764,1.5491933384829668,10
949,1.5670212364724212,1.286683937707919,10
952,2.250925735484551,1.4181364924121764,10
954,1.66332999331662,1.0801234497346435,10
955,1.4757295747452437,0.8432740427115678,10
956,1.0801234497346435,0.9660917830792959,10
957,1.1352924243950935,1.636391694484477,10
958,1.9578900207451218,1.9119507199599983,10
959,2.043961295567452,2.1186998109427604,10
960,1.3374935098492586,0.8232726023485646,10
961,0.8432740427115678,1.2692955176439846,10
962,0.9660917830792959,1.5776212754932308,10
964,0.9660917830792959,1.563471919941143,10
967,2.2010098692292237,2.270584848790187,10
968,2.250925735484551,1.8135294011647258,10
970,1.6465452046971292,1.6465452046971292,10
973,1.9002923751652299,2.2211108331943574,10
974,1.728840330651992,1.8737959096740262,10
976,1.1352924243950935,1.286683937707919,10
977,1.0593499054713802,1.7159383568311668,10
978,1.4944341180973262,2.1317702607092643,10
979,1.66332999331662,1.9578900207451218,10
980,1.2292725943057183,1.8287822299126937,10
981,1.888562063228706,1.5776212754932308,10
983,2.3475755815545347,1.3374935098492586,10
985,1.9119507199599983,1.286683937707919,10
986,1.0327955589886446,2.0682789409984763,10
987,1.7029386365926402,1.6465452046971292,10
988,1.2649110640673518,1.5951314818673865,10
989,2.110818693198342,1.6465452046971292,10
990,1.699673171197595,1.5951314818673865,10
991,1.3703203194062976,1.5811388300841898,10
993,1.2649110640673518,1.2292725943057183,10
994,1.837873166945363,1.636391694484477,10
995,1.3374935098492586,0.9660917830792959,10
996,1.699673171197595,1.766981104093143,10
997,2.2211108331943574,1.766981104093143,10
999,2.4244128727957577,1.66332999331662,10
1000,1.6865480854231356,2.1705094128132942,10
1001,1.5776212754932308,1.8135294011647258,10
1002,1.5811388300841898,1.6193277068654826,10
1003,1.888562063228706,1.4181364924121764,10
1004,1.0327955589886446,1.5670212364724212,10
1005,1.3498971154211057,1.286683937707919,10
1006,1.429840705968481,2.2211108331943574,10
1007,1.5491933384829668,1.6465452046971292,10
1008,1.632993161855452,1.5776212754932308,10
1009,1.7795130420052185,1.946506842754191,10
1010,1.7159383568311668,1.5811388300841898,10
1011,1.509230856356236,1.1547005383792515,10
1012,1.7029386365926402,1.5951314818673865,10
1013,1.4757295747452437,1.8408935028645435,10
1014,1.1005049346146119,1.35400640077266,10
1015,1.66332999331662,1.636391694484477,10
1016,1.4944341180973262,0.7378647873726218,10
1017,1.3703203194062976,1.7511900715418263,10
1018,1.5670212364724212,1.35400640077266,10
1019,1.766981104093143,1.1352924243950935,10
1020,1.505545305418162,0.8498365855987975,10
1021,1.7511900715418263,1.2292725943057183,10
1022,1.2516655570345725,1.766981104093143,10
1023,1.449137674618944,0.8232726023485646,10
1024,1.5491933384829668,1.1972189997378648,10
1025,2.330951164939612,1.9119507199599983,10
1026,1.8287822299126937,1.9321835661585918,10
1027,0.9660917830792959,0.7888106377466154,10
1028,1.35400640077266,1.3165611772087666,10
1029,0.9944289260117531,1.0801234497346435,10
1030,1.4944341180973262,1.3165611772087666,10
1031,1.4757295747452437,1.9436506316151,10
1032,1.4944341180973262,2.024845673131659,10
1033,1.2516655570345725,0.9660917830792959,10
1034,1.636391694484477,1.1352924243950935,10
1035,1.5670212364724212,2.043961295567452,10
1036,1.6865480854231356,0.9428090415820634,10
1037,0.6666666666666666,1.429840705968481,10
1038,1.3333333333333333,1.728840330651992,10
1039,1.5670212364724212,1.5776212754932308,10
1040,1.6193277068654826,1.4181364924121764,10
1041,1.2649110640673518,1.7126976771553506,10
1042,1.247219128924647,1.946506842754191,10
1043,1.8529256146249728,1.4907119849998598,10
1044,1.728840330651992,1.9119507199599983,10
1045,1.505545305418162,1.286683937707919,10
1046,1.776388345929897,2.160246899469287,10
1047,1.2516655570345725,1.5776212754932308,10
1048,2.309401076758503,1.0593499054713802,10
1049,2.406010991015812,2.0575065816014617,10
1050,1.3333333333333333,1.1352924243950935,10
1051,1.1352924243950935,1.1595018087284057,10
1052,2.3687784005919825,1.7126976771553506,10
1053,2.223610677354389,1.2516655570345725,10
1054,2.6267851073127395,2.6267851073127395,10
1055,2.6687491868330793,2.2135943621178655,10
1056,1.5491933384829668,1.9436506316151,10
1057,2.406010991015812,1.66332999331662,10
1058,2.160246899469287,2.1499353995462798,10
1059,2.7100635498903793,1.7795130420052185,10
1060,2.2010098692292237,1.9692073983655907,10
1061,1.9002923751652299,1.9321835661585918,10
1062,1.728840330651992,1.636391694484477,10
1063,1.7511900715418263,1.5776212754932308,10
1064,2.250925735484551,1.5238839267549948,10
1065,1.4907119849998598,1.3498971154211057,10
1066,1.449137674618944,1.509230856356236,10
1067,1.4142135623730951,1.776388345929897,10
1068,1.5238839267549948,1.7029386365926402,10
1069,2.5407785333546005,1.505545305418162,10
1070,1.398411797560202,1.0327955589886446,10
1071,1.2692955176439846,1.1595018087284057,10
1072,1.1595018087284057,1.2692955176439846,10
1073,1.3165611772087666,1.7511900715418263,10
1074,1.0327955589886446,1.776388345929897,10
1075,1.837873166945363,0.9660917830792959,10
1076,1.3333333333333333,1.632993161855452,10
1077,1.429840705968481,1.7511900715418263,10
1078,0.9189365834726815,1.563471919941143,10
1079,1.1972189997378648,1.9550504398153574,10
1080,1.247219128924647,1.699673171197595,10
1081,1.3333333333333333,1.4337208778404378,10
1082,1.3374935098492586,1.5776212754932308,10
1083,1.9119507199599983,1.776388345929897,10
1084,1.286683937707919,1.3498971154211057,10
1085,1.449137674618944,1.8737959096740262,10
1086,1.3703203194062976,1.0593499054713802,10
1087,1.8257418583505538,1.5776212754932308,10
1088,0.9486832980505138,1.1737877907772674,10
1089,1.776388345929897,1.5776212754932308,10
1090,1.776388345929897,1.429840705968481,10
1091,2.263232692902394,1.6865480854231356,10
1092,1.6193277068654826,1.4181364924121764,10
1093,1.5491933384829668,1.699673171197595,10
1094,1.2649110640673518,1.3374935098492586,10
1095,1.6865480854231356,1.5491933384829668,10
1096,1.1352924243950935,1.5776212754932308,10
1097,1.7795130420052185,2.0110804171997807,10
1098,1.4757295747452437,1.8287822299126937,10
1099,1.946506842754191,1.8529256146249728,10
1100,1.2516655570345725,1.3498971154211057,10
1101,1.4944341180973262,1.505545305418162,10
1102,0.8232726023485646,2.273030282830976,10
1103,1.6465452046971292,2.0138409955990952,10
1104,1.6193277068654826,1.3498971154211057,10
1105,1.5491933384829668,2.0027758514399734,10
1106,1.4142135623730951,2.0789954839350235,10
1107,1.3333333333333333,1.398411797560202,10
1108,1.2292725943057183,1.4944341180973262,10
1109,2.2997584414213788,1.0749676997731399,10
1110,2.282785822435191,1.837873166945363,10
1111,1.4757295747452437,1.66332999331662,10
1112,1.5238839267549948,1.3374935098492586,10
1113,1.5776212754932308,1.632993161855452,10
1114,1.6465452046971292,2.496664441476534,10
1115,2.503331114069145,2.0789954839350235,10
1116,2.0027758514399734,1.4907119849998598,10
1117,1.398411797560202,1.5776212754932308,10
1118,1.9436506316151,0.7378647873726218,10
1119,2.1186998109427604,1.1005049346146119,10
1120,1.6465452046971292,1.1352924243950935,10
1121,1.8529256146249728,1.1595018087284057,10
1122,2.043961295567452,1.5776212754932308,10
1123,1.728840330651992,2.0789954839350235,10
1124,1.7126976771553506,1.286683937707919,10
1125,1.1972189997378648,1.4907119849998598,10
1126,1.9119507199599983,1.3165611772087666,10
1127,1.7126976771553506,1.632993161855452,10
1128,1.636391694484477,1.5670212364724212,10
1129,1.8408935028645435,0.699205898780101,10
1130,1.2292725943057183,1.66332999331662,10
1131,1.7795130420052185,2.0655911179772892,10
1132,1.7126976771553506,0.699205898780101,10
1133,2.160246899469287,2.0655911179772892,10
1134,1.9692073983655907,1.1005049346146119,10
1135,1.5951314818673865,1.4181364924121764,10
1136,1.4337208778404378,2.0110804171997807,10
1137,1.4944341180973262,1.398411797560202,10
1138,1.6465452046971292,1.888562063228706,10
1139,2.024845673131659,1.0801234497346435,10
1140,1.5238839267549948,1.505545305418162,10
1141,1.4337208778404378,1.3498971154211057,10
1142,1.7511900715418263,1.3703203194062976,10
1143,1.4757295747452437,1.8529256146249728,10
1144,1.5670212364724212,1.7126976771553506,10
1145,2.0575065816014617,1.2649110640673518,10
1146,1.2649110640673518,1.7126976771553506,10
1147,1.5776212754932308,1.2649110640673518,10
1148,1.9550504398153574,1.4907119849998598,10
1149,1.8257418583505538,1.429840705968481,10
1150,1.7919573407620817,0.6749485577105528,10
1151,1.8257418583505538,1.2649110640673518,10
1152,1.66332999331662,1.3498971154211057,10
1153,1.9119507199599983,0.7071067811865476,10
1154,1.7919573407620817,1.6465452046971292,10
1155,1.7511900715418263,1.0593499054713802,10
1156,1.4142135623730951,2.3190036174568114,10
1157,0.9944289260117531,1.449137674618944,10
1158,1.398411797560202,1.8737959096740262,10
1159,2.043961295567452,1.7638342073763937,10
1160,0.699205898780101,1.5776212754932308,10
1161,1.9692073983655907,1.5811388300841898,10
1162,1.1737877907772674,1.8135294011647258,10
1163,1.9888578520235063,1.5670212364724212,10
1164,1.6465452046971292,1.286683937707919,10
1165,1.509230856356236,1.2292725943057183,10
1166,1.9550504398153574,2.0027758514399734,10
1167,1.8973665961010275,1.3165611772087666,10
1168,2.6749870196985173,1.766981104093143,10
1169,1.7919573407620817,1.3165611772087666,10
1170,1.7919573407620817,0.9944289260117531,10
1171,1.6465452046971292,1.1005049346146119,10
1172,2.1317702607092643,1.5811388300841898,10
1173,1.5670212364724212,2.160246899469287,10
1174,2.270584848790187,1.888562063228706,10
1175,1.3374935098492586,1.0749676997731399,10
1176,1.9119507199599983,1.7029386365926402,10
1177,2.250925735484551,2.0027758514399734,10
1178,2.2335820757001272,2.0682789409984763,10
1179,1.0749676997731399,1.449137674618944,10
1180,1.7029386365926402,1.0749676997731399,10
1181,1.4944341180973262,2.0110804171997807,10
1182,1.4181364924121764,1.2292725943057183,10
1183,2.2135943621178655,1.9888578520235063,10
1184,1.6865480854231356,1.3374935098492586,10
1185,1.6865480854231356,1.5491933384829668,10
1186,1.636391694484477,0.8755950357709131,10
1187,2.0655911179772892,1.9119507199599983,10
1188,1.946506842754191,1.4944341180973262,10
1189,1.8737959096740262,1.4757295747452437,10
1190,1.8408935028645435,0.9189365834726815,10
1191,1.9550504398153574,1.2649110640673518,10
1192,2.0575065816014617,1.286683937707919,10
1193,1.505545305418162,1.5238839267549948,10
1194,1.505545305418162,1.2692955176439846,10
1195,2.3475755815545347,1.563471919941143,10
1196,1.6865480854231356,1.636391694484477,10
1197,1.728840330651992,1.6193277068654826,10
1198,2.173067468400883,1.0327955589886446,10
1199,2.0682789409984763,1.4337208778404378,10
1200,1.1352924243950935,1.505545305418162,10
1201,1.699673171197595,1.1785113019775793,10
1202,2.0789954839350235,1.4181364924121764,10
1203,1.4907119849998598,1.3498971154211057,10
1204,0.9660917830792959,1.35400640077266,10
1205,1.7638342073763937,1.7029386365926402,10
1206,1.7919573407620817,1.6865480854231356,10
1207,1.766981104093143,1.837873166945363,10
1208,1.1352924243950935,1.1737877907772674,10
1209,1.7126976771553506,0.8232726023485646,10
1210,2.1499353995462798,1.2649110640673518,10
1211,1.509230856356236,1.636391694484477,10
1212,1.509230856356236,1.3374935098492586,10
1213,1.286683937707919,1.3165611772087666,10
1214,1.1352924243950935,1.5670212364724212,10
1215,1.2292725943057183,1.429840705968481,10
1216,1.4337208778404378,1.8287822299126937,10
1217,1.66332999331662,1.0749676997731399,10
1218,2.024845673131659,1.9119507199599983,10
1219,1.3374935098492586,1.2292725943057183,10
1220,1.6465452046971292,1.1352924243950935,10
1221,0.8432740427115678,1.0593499054713802,10
1222,2.1317702607092643,1.7511900715418263,10
1223,2.0110804171997807,1.837873166945363,10
1224,1.8135294011647258,1.398411797560202,10
1225,1.9550504398153574,2.270584848790187,10
1226,1.66332999331662,1.7511900715418263,10
1227,1.888562063228706,1.946506842754191,10
1228,1.505545305418162,1.2516655570345725,10
1229,1.7511900715418263,1.766981104093143,10
1230,1.4944341180973262,1.5670212364724212,10
1231,1.5811388300841898,1.2692955176439846,10
1232,0.8755950357709131,1.4944341180973262,10
1233,1.35400640077266,1.5491933384829668,10
1234,1.505545305418162,0.9428090415820634,10
1235,1.286683937707919,1.2292725943057183,10
1236,1.0801234497346435,1.1005049346146119,10
1237,1.449137674618944,1.3374935098492586,10
1238,1.4337208778404378,1.9119507199599983,10
1239,2.110818693198342,1.8287822299126937,10
1240,1.2516655570345725,0.8432740427115678,10
1241,1.449137674618944,1.7029386365926402,10
1242,0.9486832980505138,1.4181364924121764,10
1243,1.4757295747452437,1.636391694484477,10
1244,1.5776212754932308,1.3374935098492586,10
1245,2.0110804171997807,2.110818693198342,10
1246,1.9002923751652299,1.66332999331662,10
1247,2.0110804171997807,1.946506842754191,10
1248,1.4181364924121764,1.3333333333333333,10
1249,1.8529256146249728,1.8973665961010275,10
1250,1.4907119849998598,0.9660917830792959,10
1251,0.8755950357709131,0.8232726023485646,10
1252,0.9189365834726815,1.1005049346146119,10
1253,1.3703203194062976,1.0540925533894598,10
1254,1.888562063228706,2.3475755815545347,10
1255,2.3190036174568114,0.816496580927726,10
1256,1.3374935098492586,1.7795130420052185,10
1257,1.247219128924647,1.3165611772087666,10
1258,1.7029386365926402,1.837873166945363,10
1259,1.5776212754932308,1.1352924243950935,10
1260,0.7888106377466154,1.509230856356236,10
1261,1.9321835661585918,1.449137674618944,10
1262,1.9002923751652299,1.4757295747452437,10
1263,1.5491933384829668,1.286683937707919,10
1264,2.0655911179772892,2.0655911179772892,10
1265,1.4757295747452437,1.1785113019775793,10
1266,0.699205898780101,1.1972189997378648,10
1267,1.7795130420052185,1.636391694484477,10
1268,1.4944341180973262,1.636391694484477,10
1269,1.2692955176439846,1.6465452046971292,10
1270,1.0749676997731399,1.5670212364724212,10
1271,1.2649110640673518,1.0593499054713802,10
1272,1.563471919941143,1.398411797560202,10
1273,2.2997584414213788,1.776388345929897,10
1274,1.563471919941143,1.1737877907772674,10
1275,1.7159383568311668,1.3165611772087666,10
1276,1.1352924243950935,0.8498365855987975,10
1277,1.1972189997378648,1.2292725943057183,10
1278,1.66332999331662,1.728840330651992,10
1279,1.8973665961010275,1.398411797560202,10
1280,1.7919573407620817,1.505545305418162,10
1281,1.429840705968481,1.9578900207451218,10
1282,1.6193277068654826,1.505545305418162,10
1283,1.888562063228706,1.5491933384829668,10
1284,1.4944341180973262,1.3498971154211057,10
1285,1.9119507199599983,2.024845673131659,10
1286,1.9321835661585918,1.4142135623730951,10
1287,1.4337208778404378,2.110818693198342,10
1288,1.6193277068654826,1.429840705968481,10
1289,1.4907119849998598,1.505545305418162,10
1290,1.2649110640673518,1.429840705968481,10
1291,2.1186998109427604,1.35400640077266,10
1292,2.0110804171997807,1.1352924243950935,10
1293,1.1595018087284057,1.286683937707919,10
1294,1.286683937707919,1.35400640077266,10
1295,1.1005049346146119,1.8973665961010275,10
1296,1.4142135623730951,0.8755950357709131,10
1297,1.8135294011647258,1.4944341180973262,10
1298,0.9944289260117531,1.429840705968481,10
1299,1.5811388300841898,1.3374935098492586,10
1300,1.1547005383792515,1.2692955176439846,10
1301,0.9660917830792959,1.5491933384829668,10
1302,1.7126976771553506,1.8135294011647258,10
1303,1.9119507199599983,1.509230856356236,10
1304,1.8135294011647258,1.766981104093143,10
1305,2.110818693198342,1.3165611772087666,10
1306,1.5670212364724212,1.766981104093143,10
1307,0.9944289260117531,1.776388345929897,10
1308,1.1352924243950935,1.766981104093143,10
1309,1.0801234497346435,0.9660917830792959,10
1310,1.3703203194062976,1.7126976771553506,10
1311,1.3703203194062976,1.4337208778404378,10
1312,1.1595018087284057,2.309401076758503,10
1313,1.3165611772087666,0.9428090415820634,10
1314,1.1972189997378648,1.728840330651992,10
1315,1.1547005383792515,1.776388345929897,10
1316,1.6865480854231356,1.8856180831641267,10
1317,1.8287822299126937,1.7511900715418263,10
1318,1.8737959096740262,2.1628170930011112,10
1319,1.0801234497346435,1.429840705968481,10
1320,2.3944379994757297,1.0801234497346435,10
1321,1.4337208778404378,1.3374935098492586,10
1322,0.97182531580755,1.7159383568311668,10
1323,1.7159383568311668,2.1081851067789197,10
1324,1.5951314818673865,1.5670212364724212,10
1325,0.9944289260117531,1.6193277068654826,10
1326,0.9944289260117531,1.247219128924647,10
1327,2.173067468400883,1.5491933384829668,10
1328,1.9550504398153574,1.1595018087284057,10
1329,1.3374935098492586,2.0976176963403033,10
1330,2.0027758514399734,1.0327955589886446,10
1331,1.888562063228706,2.270584848790187,10
1332,1.35400640077266,0.6749485577105528,10
1333,1.9578900207451218,1.888562063228706,10
1334,2.859681411936962,1.5491933384829668,10
1335,1.0749676997731399,0.8432740427115678,10
1336,1.8973665961010275,1.636391694484477,10
1337,1.563471919941143,1.2692955176439846,10
1338,1.3165611772087666,0.9660917830792959,10
1339,0.7888106377466154,1.8737959096740262,10
1340,0.8432740427115678,1.3374935098492586,10
1341,1.6499158227686108,1.7511900715418263,10
1342,1.7795130420052185,1.3498971154211057,10
1343,1.0540925533894598,1.7126976771553506,10
1344,1.4181364924121764,1.509230856356236,10
1345,1.1785113019775793,0.8755950357709131,10
1346,1.1785113019775793,1.776388345929897,10
1347,1.0749676997731399,1.0540925533894598,10
1348,1.3165611772087666,1.4944341180973262,10
1349,0.9189365834726815,1.0327955589886446,10
1350,0.9428090415820634,1.0749676997731399,10
1351,1.3374935098492586,1.286683937707919,10
1352,1.5670212364724212,1.505545305418162,10
1353,1.2516655570345725,1.3498971154211057,10
1354,1.2649110640673518,1.1547005383792515,10
1355,1.4181364924121764,2.2997584414213788,10
1356,2.043961295567452,2.3944379994757297,10
1357,1.5811388300841898,1.8856180831641267,10
1358,1.4142135623730951,1.563471919941143,10
1359,1.837873166945363,1.776388345929897,10
1360,1.4337208778404378,1.1005049346146119,10
1361,1.6465452046971292,1.509230856356236,10
1362,1.6465452046971292,1.3498971154211057,10
1363,1.449137674618944,1.0749676997731399,10
1364,1.766981104093143,1.0327955589886446,10
1365,1.5811388300841898,1.776388345929897,10
1366,1.776388345929897,0.9486832980505138,10
1367,1.449137674618944,1.6193277068654826,10
1368,1.429840705968481,2.263232692902394,10
1369,1.5491933384829668,1.7126976771553506,10
1370,1.2516655570345725,1.286683937707919,10
1371,1.766981104093143,1.776388345929897,10
1372,1.5491933384829668,1.3165611772087666,10
1373,1.1737877907772674,1.8287822299126937,10
1374,1.1547005383792515,1.449137674618944,10
1375,1.776388345929897,1.837873166945363,10
1376,1.563471919941143,1.505545305418162,10
1377,1.946506842754191,1.66332999331662,10
1378,1.7795130420052185,1.7029386365926402,10
1379,1.398411797560202,1.5670212364724212,10
1380,1.449137674618944,1.6499158227686108,10
1381,2.024845673131659,1.1972189997378648,10
1382,1.0327955589886446,1.636391694484477,10
1383,1.3498971154211057,1.563471919941143,10
1384,1.398411797560202,1.2649110640673518,10
1385,1.4907119849998598,1.1547005383792515,10
1386,1.9119507199599983,2.0548046676563256,10
1387,0.9944289260117531,2.223610677354389,10
1388,1.5491933384829668,1.1352924243950935,10
1389,1.5491933384829668,1.3374935098492586,10
1390,1.3703203194062976,1.5670212364724212,10
1391,1.636391694484477,1.2516655570345725,10
1392,1.8135294011647258,1.766981104093143,10
1393,0.7888106377466154,1.5238839267549948,10
1394,1.4142135623730951,1.66332999331662,10
1395,1.636391694484477,1.2692955176439846,10
1396,1.7919573407620817,2.160246899469287,10
1397,1.5670212364724212,1.7029386365926402,10
1398,1.5951314818673865,1.776388345929897,10
1399,1.7919573407620817,1.7126976771553506,10
1400,1.9550504398153574,2.3944379994757297,10
1401,1.6193277068654826,2.2135943621178655,10
1402,1.2649110640673518,1.35400640077266,10
1403,1.2649110640673518,1.449137674618944,10
1404,1.0327955589886446,0.8232726023485646,10
1405,1.8287822299126937,0.7888106377466154,10
1406,1.7919573407620817,1.8287822299126937,10
1407,1.429840705968481,1.3165611772087666,10
1408,1.6193277068654826,1.1547005383792515,10
1409,1.286683937707919,2.110818693198342,10
1410,1.0540925533894598,1.7126976771553506,10
1411,1.9692073983655907,0.48304589153964794,10
1412,1.1737877907772674,1.3165611772087666,10
1413,1.4944341180973262,1.286683937707919,10
1414,1.1595018087284057,1.3333333333333333,10
1415,1.1595018087284057,1.3374935098492586,10
1416,1.8973665961010275,1.1595018087284057,10
1417,2.3190036174568114,1.1737877907772674,10
1418,2.110818693198342,2.3944379994757297,10
1419,1.0593499054713802,0.8498365855987975,10
1420,1.6193277068654826,1.449137674618944,10
1421,1.9888578520235063,1.6865480854231356,10
1422,1.66332999331662,0.7888106377466154,10
1423,1.398411797560202,2.0682789409984763,10
1424,1.4337208778404378,0.97182531580755,10
1425,1.8529256146249728,1.9888578520235063,10
1426,1.7126976771553506,1.3498971154211057,10
1427,1.8856180831641267,2.282785822435191,10
1428,2.0027758514399734,1.9002923751652299,10
1429,1.3333333333333333,0.9486832980505138,10
1430,1.429840705968481,1.7511900715418263,10
1431,1.449137674618944,1.1972189997378648,10
1432,1.3374935098492586,0.9660917830792959,10
1433,1.563471919941143,1.505545305418162,10
1434,1.766981104093143,1.2292725943057183,10
1435,1.5776212754932308,1.766981104093143,10
1436,1.3374935098492586,1.5491933384829668,10
1437,1.449137674618944,1.5811388300841898,10
1438,2.0110804171997807,1.286683937707919,10
1439,1.5238839267549948,1.1972189997378648,10
1440,2.0789954839350235,2.0789954839350235,10
1441,1.247219128924647,1.632993161855452,10
1442,2.3118054512532935,1.398411797560202,10
1443,1.9888578520235063,1.7919573407620817,10
1444,1.0749676997731399,1.286683937707919,10
1445,1.8529256146249728,1.429840705968481,10
1446,0.7888106377466154,1.3165611772087666,10
1447,1.7126976771553506,1.7919573407620817,10
1448,1.505545305418162,2.270584848790187,10
1449,1.2649110640673518,1.286683937707919,10
1450,1.4944341180973262,1.8856180831641267,10
1451,1.66332999331662,1.9321835661585918,10
1452,1.3165611772087666,1.5238839267549948,10
1453,1.8856180831641267,1.8135294011647258,10
1454,1.6865480854231356,1.505545305418162,10
1455,1.9692073983655907,1.398411797560202,10
1456,1.7029386365926402,0.7888106377466154,10
1457,1.6465452046971292,1.6865480854231356,10
1458,1.6193277068654826,1.4181364924121764,10
1459,1.9550504398153574,1.9692073983655907,10
1460,1.4757295747452437,1.5951314818673865,10
1461,1.4181364924121764,1.8135294011647258,10
1462,1.2292725943057183,0.8755950357709131,10
1463,1.4944341180973262,1.8856180831641267,10
1464,1.6865480854231356,1.7126976771553506,10
1465,1.2292725943057183,1.1595018087284057,10
1466,0.7378647873726218,1.4337208778404378,10
1467,1.1547005383792515,1.1352924243950935,10
1468,1.4944341180973262,1.0540925533894598,10
1469,1.728840330651992,1.6865480854231356,10
1470,1.449137674618944,1.6865480854231356,10
1471,1.2516655570345725,1.0327955589886446,10
1472,1.563471919941143,1.1352924243950935,10
1473,1.7919573407620817,1.8856180831641267,10
1474,0.9660917830792959,1.1737877907772674,10
1475,1.2516655570345725,1.0327955589886446,10
1476,2.223610677354389,1.9692073983655907,10
1477,1.5238839267549948,1.4337208778404378,10
1478,1.1972189997378648,1.4337208778404378,10
1479,1.247219128924647,1.5951314818673865,10
1480,1.9888578520235063,1.4944341180973262,10
1481,1.5238839267549948,1.5670212364724212,10
1482,1.766981104093143,1.505545305418162,10
1483,1.9692073983655907,1.2292725943057183,10
1484,1.429840705968481,1.4757295747452437,10
1485,1.4181364924121764,1.2292725943057183,10
1486,1.7029386365926402,1.1005049346146119,10
1487,1.946506842754191,0.8432740427115678,10
1488,1.728840330651992,0.9944289260117531,10
1489,1.449137674618944,1.505545305418162,10
1490,1.5491933384829668,1.8529256146249728,10
1491,1.398411797560202,1.9321835661585918,10
1492,1.946506842754191,0.7888106377466154,10
1493,1.4142135623730951,1.7919573407620817,10
1494,1.5238839267549948,1.6193277068654826,10
1495,1.1737877907772674,1.5951314818673865,10
1496,1.728840330651992,1.5491933384829668,10
1497,1.837873166945363,1.429840705968481,10
1498,1.3165611772087666,1.8737959096740262,10
1499,1.398411797560202,1.2692955176439846,10
1500,1.8135294011647258,2.043961295567452,10
1501,2.0548046676563256,2.0789954839350235,10
1502,1.0327955589886446,1.4142135623730951,10
1503,1.1972189997378648,2.4244128727957577,10
1504,1.8856180831641267,1.5951314818673865,10
1505,1.1352924243950935,1.66332999331662,10
1506,1.247219128924647,0.9189365834726815,10
1507,0.97182531580755,0.9486832980505138,10
1508,1.728840330651992,1.5670212364724212,10
1509,1.1972189997378648,1.8973665961010275,10
1510,1.5238839267549948,1.0749676997731399,10
1511,1.6499158227686108,2.0110804171997807,10
1512,1.8135294011647258,1.3165611772087666,10
1513,1.286683937707919,1.2516655570345725,10
1514,2.0655911179772892,1.429840705968481,10
1515,1.3498971154211057,1.4757295747452437,10
1516,1.7126976771553506,1.8529256146249728,10
1517,1.7638342073763937,1.7638342073763937,10
1518,1.5238839267549948,1.636391694484477,10
1519,1.563471919941143,1.0749676997731399,10
1520,1.3374935098492586,1.0593499054713802,10
1521,1.1352924243950935,0.8755950357709131,10
1522,1.4757295747452437,1.1595018087284057,10
1523,1.5238839267549948,1.8135294011647258,10
1524,1.505545305418162,2.2211108331943574,10
1525,1.1785113019775793,1.5811388300841898,10
1526,1.5238839267549948,1.7919573407620817,10
1527,1.0801234497346435,1.0593499054713802,10
1528,1.9578900207451218,2.2211108331943574,10
1529,2.0655911179772892,1.8287822299126937,10
1530,1.0327955589886446,1.398411797560202,10
1531,2.024845673131659,2.250925735484551,10
1532,1.398411797560202,1.8973665961010275,10
1533,1.9321835661585918,2.0575065816014617,10
1534,0.9486832980505138,1.4181364924121764,10
1535,1.2649110640673518,1.1595018087284057,10
1536,1.1352924243950935,1.776388345929897,10
1537,1.1972189997378648,1.1737877907772674,10
1538,1.2516655570345725,1.4181364924121764,10
1539,2.1186998109427604,2.110818693198342,10
1540,2.0027758514399734,2.024845673131659,10
1541,1.1352924243950935,1.6465452046971292,10
1542,1.9002923751652299,1.509230856356236,10
1543,1.5238839267549948,1.8973665961010275,10
1544,1.837873166945363,1.7126976771553506,10
1545,1.5491933384829668,1.3165611772087666,10
1546,1.2516655570345725,1.0749676997731399,10
1547,1.7638342073763937,1.9888578520235063,10
1548,1.0749676997731399,1.4181364924121764,10
1549,1.9119507199599983,1.8135294011647258,10
1550,1.7511900715418263,1.1595018087284057,10
1551,1.8973665961010275,1.6465452046971292,10
1552,1.6465452046971292,1.429840705968481,10
1553,1.776388345929897,1.66332999331662,10
1554,1.5491933384829668,2.273030282830976,10
1555,1.429840705968481,1.1005049346146119,10
1556,2.110818693198342,1.5238839267549948,10
1557,1.9578900207451218,1.4944341180973262,10
1558,1.6465452046971292,1.1972189997378648,10
1559,1.0327955589886446,1.6865480854231356,10
1560,1.0327955589886446,1.4757295747452437,10
1561,2.0,1.4907119849998598,10
1562,2.1499353995462798,1.4944341180973262,10
1563,2.183269719175042,1.888562063228706,10
1564,1.9119507199599983,1.505545305418162,10
1565,1.429840705968481,1.8529256146249728,10
1566,1.0327955589886446,1.0593499054713802,10
1567,1.563471919941143,1.3333333333333333,10
1568,2.3190036174568114,1.699673171197595,10
1569,1.5776212754932308,1.3165611772087666,10
1570,1.5491933384829668,1.837873166945363,10
1571,2.1705094128132942,1.1972189997378648,10
1572,2.273030282830976,2.581988897471611,10
1573,1.449137674618944,1.8973665961010275,10
1574,1.728840330651992,1.776388345929897,10
1575,1.5491933384829668,1.5951314818673865,10
1576,0.8432740427115678,1.5238839267549948,10
1577,1.9888578520235063,1.8287822299126937,10
1578,0.31622776601683794,1.6193277068654826,10
1579,1.8135294011647258,2.024845673131659,10
1580,1.1005049346146119,1.1352924243950935,10
1581,1.35400640077266,1.449137674618944,10
1582,1.286683937707919,1.5776212754932308,10
1583,1.6465452046971292,2.0976176963403033,10
1584,1.449137674618944,1.8973665961010275,10
1585,2.0548046676563256,1.728840330651992,10
1586,1.7029386365926402,1.1547005383792515,10
1587,1.0540925533894598,1.35400640077266,10
1588,1.728840330651992,1.6193277068654826,10
1589,1.5491933384829668,1.1005049346146119,10
1590,1.6865480854231356,1.2292725943057183,10
1591,0.9944289260117531,1.4944341180973262,10
1592,2.024845673131659,1.8973665961010275,10
1593,1.7029386365926402,1.6499158227686108,10
1594,1.505545305418162,1.776388345929897,10
1595,1.9550504398153574,1.5951314818673865,10
1596,1.9002923751652299,1.9692073983655907,10
1597,1.0801234497346435,0.9428090415820634,10
1598,2.3118054512532935,1.6499158227686108,10
1599,1.837873166945363,1.5238839267549948,10
1600,1.1737877907772674,1.1737877907772674,10
1601,1.7638342073763937,1.8287822299126937,10
1602,2.0548046676563256,2.0027758514399734,10
1603,0.9660917830792959,1.3703203194062976,10
1604,1.5811388300841898,0.8432740427115678,10
1605,1.9550504398153574,2.0548046676563256,10
1606,0.8432740427115678,1.1005049346146119,10
1607,2.1213203435596424,1.7638342073763937,10
1608,2.41522945769824,1.4142135623730951,10
1609,1.505545305418162,1.6499158227686108,10
1610,1.2649110640673518,1.5238839267549948,10
1611,2.110818693198342,1.6865480854231356,10
1612,1.0327955589886446,1.5238839267549948,10
1613,2.2010098692292237,1.7126976771553506,10
1614,0.9660917830792959,1.3498971154211057,10
1615,0.8232726023485646,1.7126976771553506,10
1616,2.1499353995462798,1.9578900207451218,10
1617,1.728840330651992,1.9119507199599983,10
1618,1.728840330651992,1.286683937707919,10
1619,1.6193277068654826,1.636391694484477,10
1620,1.5670212364724212,1.766981104093143,10
1621,1.7919573407620817,1.632993161855452,10
1622,1.8257418583505538,1.9119507199599983,10
1623,1.776388345929897,2.0575065816014617,10
1624,1.8287822299126937,1.7126976771553506,10
1625,1.286683937707919,1.6465452046971292,10
1626,1.728840330651992,1.632993161855452,10
1627,1.6465452046971292,1.728840330651992,10
1628,1.5670212364724212,1.4757295747452437,10
1629,0.8432740427115678,1.0593499054713802,10
1630,1.0540925533894598,1.5776212754932308,10
1631,1.3374935098492586,1.4757295747452437,10
1632,0.9189365834726815,0.8432740427115678,10
1633,1.4337208778404378,1.4181364924121764,10
1634,1.9002923751652299,1.7919573407620817,10
1635,1.1352924243950935,1.3703203194062976,10
1636,1.8973665961010275,1.9321835661585918,10
1637,0.97182531580755,1.0749676997731399,10
1638,2.2335820757001272,1.8529256146249728,10
1639,1.4944341180973262,1.7029386365926402,10
1640,1.837873166945363,1.8529256146249728,10
1641,1.1737877907772674,1.2516655570345725,10
1642,1.5238839267549948,1.5951314818673865,10
1643,1.6465452046971292,1.888562063228706,10
1644,1.247219128924647,0.9944289260117531,10
1645,2.0976176963403033,1.766981104093143,10
1646,1.4337208778404378,1.8287822299126937,10
1647,0.8755950357709131,1.6193277068654826,10
1648,1.66332999331662,1.0801234497346435,10
1649,1.286683937707919,1.7638342073763937,10
1650,1.1005049346146119,1.2516655570345725,10
1651,1.0327955589886446,1.247219128924647,10
1652,1.0327955589886446,1.7029386365926402,10
1653,1.0593499054713802,0.9944289260117531,10
1654,1.1352924243950935,0.7378647873726218,10
1655,1.5238839267549948,1.5238839267549948,10
1656,1.888562063228706,1.4907119849998598,10
1657,1.776388345929897,1.946506842754191,10
1658,1.9321835661585918,1.9119507199599983,10
1659,2.0110804171997807,2.0110804171997807,10
1660,1.5491933384829668,1.509230856356236,10
1661,1.7029386365926402,1.4944341180973262,10
1662,1.5238839267549948,1.9436506316151,10
1663,1.776388345929897,1.8529256146249728,10
1664,1.8135294011647258,1.563471919941143,10
1665,1.7126976771553506,1.888562063228706,10
1666,1.5491933384829668,1.4944341180973262,10
1667,1.4907119849998598,1.0801234497346435,10
1668,1.7159383568311668,1.5811388300841898,10
1669,1.4337208778404378,2.1317702607092643,10
1670,1.1005049346146119,1.3498971154211057,10
1671,1.1352924243950935,1.0593499054713802,10
1672,1.5776212754932308,1.2649110640673518,10
1673,1.1972189997378648,1.9692073983655907,10
1674,1.563471919941143,1.4944341180973262,10
1675,2.0682789409984763,1.946506842754191,10
1676,1.1737877907772674,1.3703203194062976,10
1677,1.6193277068654826,1.1737877907772674,10
1678,1.7919573407620817,1.3165611772087666,10
1679,1.2649110640673518,1.2649110640673518,10
1680,1.2292725943057183,1.449137674618944,10
1681,1.8257418583505538,1.35400640077266,10
1682,1.1005049346146119,1.2292725943057183,10
1683,0.816496580927726,1.398411797560202,10
1684,1.5951314818673865,2.309401076758503,10
1685,2.1705094128132942,1.6499158227686108,10
1686,1.7029386365926402,1.7029386365926402,10
1687,1.8529256146249728,1.636391694484477,10
1688,1.9888578520235063,1.7029386365926402,10
1689,0.8755950357709131,1.1737877907772674,10
1690,2.0110804171997807,1.8973665961010275,10
1691,1.3374935098492586,1.0749676997731399,10
1692,1.5491933384829668,2.0027758514399734,10
1693,1.7126976771553506,0.7888106377466154,10
1694,2.9907264074877267,2.282785822435191,10
1695,1.5670212364724212,1.837873166945363,10
1696,1.2292725943057183,1.4181364924121764,10
1697,1.3374935098492586,0.9189365834726815,10
1698,1.4337208778404378,1.509230856356236,10
1699,1.8529256146249728,2.0548046676563256,10
1700,1.5776212754932308,1.8856180831641267,10
1701,1.632993161855452,1.5951314818673865,10
1702,1.3703203194062976,1.9119507199599983,10
1703,1.4944341180973262,2.2135943621178655,10
1704,1.7029386365926402,1.1737877907772674,10
1705,1.4142135623730951,1.505545305418162,10
1706,1.9119507199599983,2.0,10
1707,1.35400640077266,1.3333333333333333,10
1708,1.4757295747452437,1.505545305418162,10
1709,2.1081851067789197,2.043961295567452,10
1710,1.0749676997731399,0.9944289260117531,10
1711,1.1547005383792515,1.5491933384829668,10
1712,1.776388345929897,1.286683937707919,10
1713,1.4757295747452437,1.3374935098492586,10
1714,0.7378647873726218,1.699673171197595,10
1715,1.286683937707919,1.7126976771553506,10
1716,1.5491933384829668,1.3498971154211057,10
1717,0.9428090415820634,1.398411797560202,10
1718,1.5670212364724212,2.0138409955990952,10
1719,1.699673171197595,1.5670212364724212,10
1720,0.97182531580755,1.563471919941143,10
1721,1.3165611772087666,1.1972189997378648,10
1722,1.563471919941143,1.286683937707919,10
1723,1.3374935098492586,1.3498971154211057,10
1724,1.888562063228706,1.5670212364724212,10
1725,1.398411797560202,1.429840705968481,10
1726,1.3498971154211057,1.2292725943057183,10
1727,1.3703203194062976,1.4944341180973262,10
1728,1.5238839267549948,2.406010991015812,10
1729,2.0789954839350235,1.6465452046971292,10
1730,0.9486832980505138,1.5951314818673865,10
1731,1.1352924243950935,1.5776212754932308,10
1732,1.6865480854231356,1.1547005383792515,10
1733,1.9321835661585918,1.636391694484477,10
1734,1.66332999331662,1.8135294011647258,10
1735,1.5670212364724212,1.247219128924647,10
1736,1.5670212364724212,0.9944289260117531,10
1737,1.7126976771553506,1.429840705968481,10
1738,1.6865480854231356,1.8135294011647258,10
1739,1.636391694484477,1.2292725943057183,10
1740,1.5670212364724212,1.636391694484477,10
1741,1.5670212364724212,1.4337208778404378,10
1742,1.0327955589886446,1.66332999331662,10
1743,1.0327955589886446,1.2692955176439846,10
1744,0.9944289260117531,0.9486832980505138,10
1745,0.9944289260117531,1.7919573407620817,10
1746,1.2516655570345725,1.2292725943057183,10
1747,1.4181364924121764,1.1972189997378648,10
1748,0.699205898780101,1.286683937707919,10
1749,1.4944341180973262,0.9660917830792959,10
1750,1.4181364924121764,1.5670212364724212,10
1751,1.1972189997378648,1.636391694484477,10
1752,2.3687784005919825,1.9119507199599983,10
1753,1.3165611772087666,1.5776212754932308,10
1754,1.6193277068654826,1.0749676997731399,10
1755,1.7126976771553506,1.2516655570345725,10
1756,1.429840705968481,1.286683937707919,10
1757,0.816496580927726,0.8755950357709131,10
1758,1.0749676997731399,1.0540925533894598,10
1759,1.3498971154211057,1.636391694484477,10
1760,1.766981104093143,1.728840330651992,10
1761,0.8755950357709131,1.286683937707919,10
1762,1.9119507199599983,2.0110804171997807,10
1763,1.1737877907772674,1.0801234497346435,10
1764,1.9119507199599983,1.699673171197595,10
1765,1.0327955589886446,1.0749676997731399,10
1766,1.2516655570345725,1.1547005383792515,10
1767,1.8737959096740262,1.429840705968481,10
1768,1.728840330651992,1.449137674618944,10
1769,1.449137674618944,1.4944341180973262,10
1770,1.7159383568311668,1.449137674618944,10
1771,0.9944289260117531,1.0593499054713802,10
1772,1.7126976771553506,1.4181364924121764,10
1773,1.6465452046971292,1.66332999331662,10
1774,1.66332999331662,1.5491933384829668,10
1775,1.0749676997731399,0.816496580927726,10
1776,2.043961295567452,1.7511900715418263,10
1777,1.8287822299126937,1.8973665961010275,10
1778,1.5776212754932308,2.0976176963403033,10
1779,2.0027758514399734,0.9944289260117531,10
1780,1.398411797560202,1.2692955176439846,10
1781,1.9321835661585918,1.1595018087284057,10
1782,1.766981104093143,1.9888578520235063,10
1783,1.5491933384829668,1.1595018087284057,10
1784,1.2692955176439846,1.66332999331662,10
1785,0.8432740427115678,1.2292725943057183,10
1786,2.043961295567452,1.66332999331662,10
1787,1.728840330651992,1.2649110640673518,10
1788,1.837873166945363,2.494438257849294,10
1789,1.1005049346146119,0.9944289260117531,10
1790,2.0976176963403033,1.5670212364724212,10
1791,1.888562063228706,1.1595018087284057,10
1792,0.5676462121975467,1.1005049346146119,10
1793,0.8755950357709131,0.9189365834726815,10
1794,1.0327955589886446,1.1595018087284057,10
1795,1.3703203194062976,1.0540925533894598,10
1796,1.6865480854231356,1.632993161855452,10
1797,1.1737877907772674,1.9119507199599983,10
1798,0.6749485577105528,1.563471919941143,10
1799,0.9189365834726815,1.35400640077266,10
1800,1.7126976771553506,1.0749676997731399,10
1801,1.5776212754932308,1.6865480854231356,10
1802,1.636391694484477,1.776388345929897,10
1803,1.66332999331662,1.429840705968481,10
1804,1.1595018087284057,0.9944289260117531,10
1805,1.3374935098492586,1.286683937707919,10
1806,1.4337208778404378,1.398411797560202,10
1807,0.9486832980505138,1.0593499054713802,10
1808,1.837873166945363,1.888562063228706,10
1809,1.4142135623730951,1.286683937707919,10
1810,0.9944289260117531,1.4907119849998598,10
1811,2.0110804171997807,1.8287822299126937,10
1812,2.0,1.699673171197595,10
1813,2.1317702607092643,1.766981104093143,10
1814,1.699673171197595,1.7511900715418263,10
1815,1.0749676997731399,1.6193277068654826,10
1816,1.8257418583505538,2.223610677354389,10
1817,0.9660917830792959,1.1547005383792515,10
1818,1.888562063228706,1.398411797560202,10
1819,1.1972189997378648,0.9944289260117531,10
1820,1.2692955176439846,1.2649110640673518,10
1821,1.398411797560202,1.1737877907772674,10
1822,1.7029386365926402,1.35400640077266,10
1823,1.2516655570345725,2.1186998109427604,10
1824,0.7888106377466154,1.0593499054713802,10
1825,1.5491933384829668,1.4337208778404378,10
1826,1.286683937707919,1.4944341180973262,10
1827,1.776388345929897,1.5670212364724212,10
1828,1.6865480854231356,1.776388345929897,10
1829,1.8135294011647258,1.7126976771553506,10
1830,1.0593499054713802,1.3374935098492586,10
1831,1.0327955589886446,1.5776212754932308,10
1832,1.8287822299126937,1.9888578520235063,10
1833,1.509230856356236,0.7888106377466154,10
1834,1.4944341180973262,1.8287822299126937,10
1835,1.0593499054713802,0.9189365834726815,10
1836,1.776388345929897,1.1737877907772674,10
1837,1.8737959096740262,1.66332999331662,10
1838,1.776388345929897,2.2110831935702664,10
1839,1.7638342073763937,1.8287822299126937,10
1840,1.9888578520235063,2.0110804171997807,10
1841,1.8973665961010275,1.66332999331662,10
1842,1.8135294011647258,1.4181364924121764,10
1843,1.449137674618944,1.3374935098492586,10
1844,1.8529256146249728,2.173067468400883,10
1845,1.449137674618944,1.5238839267549948,10
1846,1.6865480854231356,1.6865480854231356,10
1847,1.2292725943057183,0.9660917830792959,10
1848,1.7795130420052185,1.8856180831641267,10
1849,0.9428090415820634,1.1352924243950935,10
1850,1.636391694484477,1.3374935098492586,10
1851,1.776388345929897,2.0027758514399734,10
1852,1.5951314818673865,2.2135943621178655,10
1853,0.8498365855987975,1.3374935098492586,10
1854,1.3165611772087666,1.35400640077266,10
1855,1.6465452046971292,1.4142135623730951,10
1856,1.8529256146249728,1.946506842754191,10
1857,1.3374935098492586,1.0540925533894598,10
1858,1.398411797560202,1.6465452046971292,10
1859,1.5491933384829668,1.632993161855452,10
1860,0.8232726023485646,0.8498365855987975,10
1861,1.3703203194062976,1.563471919941143,10
1862,1.5238839267549948,1.9692073983655907,10
1863,1.505545305418162,1.946506842754191,10
1864,1.66332999331662,1.8973665961010275,10
1865,0.7888106377466154,1.5951314818673865,10
1866,1.4757295747452437,1.509230856356236,10
1867,1.6193277068654826,1.8257418583505538,10
1868,1.4757295747452437,1.699673171197595,10
1869,1.5951314818673865,1.636391694484477,10
1870,1.2649110640673518,1.3498971154211057,10
1871,1.1737877907772674,1.429840705968481,10
1872,1.4337208778404378,1.4757295747452437,10
1873,1.7029386365926402,1.505545305418162,10
1874,1.7638342073763937,1.5670212364724212,10
1875,1.2516655570345725,1.5491933384829668,10
1876,1.4181364924121764,1.8856180831641267,10
1877,1.7511900715418263,1.5811388300841898,10
1878,0.8232726023485646,1.0593499054713802,10
1879,2.3664319132398464,2.3190036174568114,10
1880,1.429840705968481,1.4757295747452437,10
1881,1.1547005383792515,1.3165611772087666,10
1882,1.5811388300841898,1.7511900715418263,10
1883,0.8432740427115678,1.1785113019775793,10
1884,0.8498365855987975,1.429840705968481,10
1885,2.282785822435191,2.0789954839350235,10
1886,1.3703203194062976,1.247219128924647,10
1887,1.4907119849998598,1.4757295747452437,10
1888,1.5776212754932308,1.8737959096740262,10
1889,2.0110804171997807,2.0682789409984763,10
1890,1.699673171197595,1.2292725943057183,10
1891,1.247219128924647,1.2692955176439846,10
1892,2.183269719175042,1.1005049346146119,10
1893,1.2516655570345725,1.1352924243950935,10
1894,0.7888106377466154,0.9189365834726815,10
1895,0.7071067811865476,0.9944289260117531,10
1896,2.1317702607092643,0.9944289260117531,10
1897,1.398411797560202,1.7511900715418263,10
1898,0.9944289260117531,1.2292725943057183,10
1899,2.309401076758503,1.8529256146249728,10
1900,1.1785113019775793,1.2516655570345725,10
1901,1.7511900715418263,1.3498971154211057,10
1902,2.503331114069145,1.5670212364724212,10
1903,2.485513584307633,1.8529256146249728,10
1904,0.9944289260117531,1.0749676997731399,10
1905,2.110818693198342,1.5811388300841898,10
1906,1.776388345929897,1.5491933384829668,10
1907,1.728840330651992,1.509230856356236,10
1908,2.2997584414213788,1.8529256146249728,10
1909,1.7919573407620817,1.8257418583505538,10
1910,1.6865480854231356,1.4181364924121764,10
1911,2.0575065816014617,2.2211108331943574,10
1912,1.2649110640673518,1.1785113019775793,10
1913,1.563471919941143,1.7159383568311668,10
1914,2.2135943621178655,1.4181364924121764,10
1915,1.3374935098492586,1.2692955176439846,10
1916,1.5776212754932308,1.5670212364724212,10
1917,1.1005049346146119,1.0749676997731399,10
1918,1.5776212754932308,1.776388345929897,10
1919,1.9578900207451218,2.0655911179772892,10
1920,2.263232692902394,2.0655911179772892,10
1921,2.1705094128132942,2.3213980461973533,10
1922,1.9550504398153574,1.6865480854231356,10
1923,1.3498971154211057,1.6193277068654826,10
1924,2.2135943621178655,2.110818693198342,10
1925,1.5951314818673865,1.6499158227686108,10
1926,2.0976176963403033,2.024845673131659,10
1927,1.3498971154211057,1.3498971154211057,10
1928,1.4181364924121764,1.0749676997731399,10
1929,1.449137674618944,1.1595018087284057,10
1930,1.505545305418162,1.1547005383792515,10
1931,1.3374935098492586,1.509230856356236,10
1932,1.6865480854231356,1.8257418583505538,10
1933,1.7511900715418263,1.4907119849998598,10
1934,1.8737959096740262,1.398411797560202,10
1935,1.8287822299126937,1.776388345929897,10
1936,1.3703203194062976,2.0,10
1937,1.4181364924121764,1.5951314818673865,10
1938,1.837873166945363,1.563471919941143,10
1939,1.1737877907772674,1.3165611772087666,10
1940,1.5951314818673865,0.9660917830792959,10
1941,1.398411797560202,1.6465452046971292,10
1942,1.8973665961010275,1.6865480854231356,10
1943,1.0327955589886446,1.0749676997731399,10
1944,2.024845673131659,1.66332999331662,10
1945,1.632993161855452,1.66332999331662,10
1946,2.309401076758503,2.0,10
1947,2.309401076758503,1.3498971154211057,10
1948,2.581988897471611,1.888562063228706,10
1949,1.6193277068654826,2.7264140062238043,10
1950,2.0976176963403033,2.2211108331943574,10
1951,1.5776212754932308,1.3333333333333333,10
1952,0.9944289260117531,0.8432740427115678,10
1953,1.449137674618944,1.429840705968481,10
1954,0.6749485577105528,1.1595018087284057,10
1955,1.7159383568311668,1.6499158227686108,10
1956,1.1737877907772674,1.7919573407620817,10
1957,1.398411797560202,1.2292725943057183,10
1958,1.3165611772087666,1.7919573407620817,10
1959,1.946506842754191,1.4757295747452437,10
1960,2.0682789409984763,1.888562063228706,10
1961,0.5676462121975467,1.1595018087284057,10
1962,1.505545305418162,1.699673171197595,10
1963,2.4244128727957577,2.223610677354389,10
1964,2.3190036174568114,2.0575065816014617,10
1965,1.4181364924121764,1.5811388300841898,10
1966,1.2649110640673518,1.8257418583505538,10
1967,3.0568684048294332,2.0789954839350235,10
1968,1.837873166945363,1.1352924243950935,10
1969,2.359378449224852,2.6267851073127395,10
1970,1.449137674618944,1.5951314818673865,10
1971,1.8408935028645435,1.6499158227686108,10
1972,1.632993161855452,1.5238839267549948,10
1973,1.5670212364724212,1.2516655570345725,10
1974,1.1737877907772674,1.946506842754191,10
1975,1.636391694484477,1.7126976771553506,10
1976,1.728840330651992,1.505545305418162,10
1977,1.946506842754191,1.8737959096740262,10
1978,1.0801234497346435,0.97182531580755,10
1979,2.41522945769824,1.398411797560202,10
1980,1.509230856356236,1.429840705968481,10
1981,2.024845673131659,2.2997584414213788,10
1982,1.35400640077266,1.509230856356236,10
1983,1.5951314818673865,1.1737877907772674,10
1984,1.4181364924121764,1.449137674618944,10
1985,1.9888578520235063,1.776388345929897,10
1986,2.160246899469287,2.183269719175042,10
1987,1.1785113019775793,1.4944341180973262,10
1988,1.509230856356236,1.4757295747452437,10
1989,1.9436506316151,1.3374935098492586,10
1990,1.7511900715418263,1.9119507199599983,10
1991,2.2110831935702664,1.4907119849998598,10
1992,2.378141197564929,2.2010098692292237,10
1993,2.5055493963954847,1.1547005383792515,10
1994,0.9189365834726815,1.1785113019775793,10
1995,1.8287822299126937,1.1595018087284057,10
1996,1.9692073983655907,2.330951164939612,10
1997,1.4944341180973262,1.1972189997378648,10
1998,1.5776212754932308,1.6865480854231356,10
1999,2.2211108331943574,1.8973665961010275,10
2000,1.8737959096740262,1.7638342073763937,10
